{
    "plugins": [
        "mobi.monaca.plugins.Monaca"
    ],
    "framework_version": "3.5",
    "xcode_version": "6",
    "cordova_version": "5.2",
    "plugin_settings": [],
    "external_plugins": [
        "cordova-plugin-whitelist@1.0.0",
        "cordova-plugin-splashscreen@2.1.0",
        "cordova-plugin-camera@1.2.0"
    ],
    "title-ja": "SetRecoder",
    "title-en": "",
    "description-ja": "トライアングル用セットレコーダー",
    "description-en": "",
    "category": "User Template",
    "platform": [
        "ios"
    ],
    "name": "generated-1456008831-568f7ff9fd1734533548ae43"
}