{
  "name": "jcanvas",
  "version": "15.12.12",
  "main": "jcanvas.js",
  "description": "jCanvas brings jQuery's powerful syntax and capability to the HTML5 canvas. Quickly create canvas-based apps that can utilize layers, animations, events, and much more. jCanvas works on all modern browsers and platforms, including iOS and Android.",
  "keywords": [
    "canvas",
    "html5",
    "jquery",
    "events",
    "animation"
  ],
  "license": "MIT",
  "ignore": [
    "**/*.txt",
    ".gitignore",
    "build",
    "test",
    "*.md",
    "*.json"
  ],
  "dependencies": {
    "jquery": ">=1.4.0"
  },
  "devDependencies": {
    "qunit": ">=1.2.0"
  },
  "homepage": "https://github.com/caleb531/jcanvas",
  "_release": "15.12.12",
  "_resolution": {
    "type": "version",
    "tag": "15.12.12",
    "commit": "41e235ad30e4d48c950a94585b0844fff67d6854"
  },
  "_source": "git://github.com/caleb531/jcanvas.git",
  "_target": "15.12.12",
  "_originalSource": "jcanvas",
  "_direct": true
}