{
  "name": "tinycolor",
  "repository": "bgrins/TinyColor",
  "version": "1.3.0",
  "main": "tinycolor.js",
  "scripts": [
    "tinycolor.js"
  ],
  "license": "MIT",
  "ignore": [
    "test"
  ],
  "homepage": "https://github.com/bgrins/TinyColor",
  "_release": "1.3.0",
  "_resolution": {
    "type": "version",
    "tag": "1.3.0",
    "commit": "71379c1cb50cedab2386a3b40f07eb866697d679"
  },
  "_source": "git://github.com/bgrins/TinyColor.git",
  "_target": "^1.3.0",
  "_originalSource": "tinycolor"
}